<?xml version='1.0'?>
<home version='6400' exportFlags='17' name='piso.sh3d' camera='topCamera' selectedLevel='level-177631e1-705d-450f-b517-8bebf10051fa' wallHeight='243.84'>
  <environment groundColor='00A8A8A8' skyColor='00CCE4FC' lightColor='00D0D0D0' allLevelsVisible='true'/>
  <observerCamera attribute='observerCamera' lens='PINHOLE' x='50.0' y='50.0' z='170.0' yaw='5.4977875' pitch='0.19634955' fieldOfView='1.0995575' time='1615723200000' fixedSize='true'/>
  <camera attribute='topCamera' lens='PINHOLE' x='-993.5593' y='-793.60614' z='423.75037' yaw='43.097214' pitch='0.11000001' fieldOfView='1.0995575' time='1615723200000'/>
  <level id='level-d0a7e653-9f81-4cf4-9137-7fdf2e48fdd7' name='Level 6' elevation='-255.8' floorThickness='12.0' height='243.84' elevationIndex='0'/>
  <level id='level-177631e1-705d-450f-b517-8bebf10051fa' name='Level 7' elevation='0.0' floorThickness='12.0' height='243.84' elevationIndex='0'/>
  <doorOrWindow level='level-177631e1-705d-450f-b517-8bebf10051fa' catalogId='eTeks#doubleWindow126x123' name='Double small window' creator='eTeks' model='2' x='463.31775' y='202.97502' elevation='87.0' width='90.0' depth='10.452342' height='134.0' modelSize='13503' movable='false' cutOutShape='M0,0 v1 h1 v-1 z' wallCutOutOnBothSides='true'/>
  <doorOrWindow level='level-177631e1-705d-450f-b517-8bebf10051fa' catalogId='eTeks#doubleWindow126x123' name='Double small window' creator='eTeks' model='2' x='1027.318' y='202.97502' elevation='87.0' width='90.0' depth='10.452342' height='134.0' modelSize='13503' movable='false' cutOutShape='M0,0 v1 h1 v-1 z' wallCutOutOnBothSides='true'/>
  <doorOrWindow level='level-177631e1-705d-450f-b517-8bebf10051fa' catalogId='eTeks#doubleWindow126x123' name='Double small window' creator='eTeks' model='2' x='1380.6512' y='202.97502' elevation='87.0' width='90.0' depth='10.452342' height='134.0' modelSize='13503' movable='false' cutOutShape='M0,0 v1 h1 v-1 z' wallCutOutOnBothSides='true'/>
  <doorOrWindow level='level-177631e1-705d-450f-b517-8bebf10051fa' catalogId='eTeks#frenchWindow85x200' name='French window' creator='eTeks' model='4' x='769.84674' y='202.97502' elevation='10.8' width='91.4' depth='10.452342' height='209.90001' modelMirrored='true' modelSize='9824' movable='false' cutOutShape='M0,0 v1 h1 v-1 z' wallCutOutOnBothSides='true'/>
  <doorOrWindow level='level-177631e1-705d-450f-b517-8bebf10051fa' catalogId='eTeks#frenchWindow85x200' name='French window' creator='eTeks' model='4' x='294.91577' y='615.23926' elevation='10.8' angle='4.712389' width='91.4' depth='10.452342' height='209.90001' modelMirrored='true' modelSize='9824' movable='false' cutOutShape='M0,0 v1 h1 v-1 z' wallCutOutOnBothSides='true'/>
  <doorOrWindow level='level-177631e1-705d-450f-b517-8bebf10051fa' catalogId='eTeks#doubleWindow126x123' name='Double small window' creator='eTeks' model='2' x='294.91577' y='805.5991' elevation='87.0' angle='4.712389' width='90.0' depth='10.452342' height='134.0' modelSize='13503' movable='false' cutOutShape='M0,0 v1 h1 v-1 z' wallCutOutOnBothSides='true'/>
  <doorOrWindow level='level-177631e1-705d-450f-b517-8bebf10051fa' catalogId='eTeks#doubleWindow126x123' name='Double small window' creator='eTeks' model='2' x='294.9158' y='1071.5992' elevation='87.0' angle='4.712389' width='90.0' depth='10.452342' height='134.0' modelSize='13503' movable='false' cutOutShape='M0,0 v1 h1 v-1 z' wallCutOutOnBothSides='true'/>
  <doorOrWindow level='level-177631e1-705d-450f-b517-8bebf10051fa' catalogId='eTeks#doorFrame' name='Door frame' creator='eTeks' model='6' x='679.84686' y='563.5466' angle='3.1415925' width='80.0' depth='9.678149' height='208.3' modelSize='1281' movable='false' cutOutShape='M0,0 v1 h1 v-1 z' wallCutOutOnBothSides='true'/>
  <pieceOfFurniture level='level-177631e1-705d-450f-b517-8bebf10051fa' catalogId='Blonk#couchTwoSeats' name='Couch two seats' creator='Theo Blonk' model='8' x='569.9433' y='304.3692' angle='4.712389' width='198.0' depth='90.6' height='72.0' modelSize='113102'>
    <texture name='Balanced blue sponge wallpaint' creator='Scopia' catalogId='eTeksScopia#balanced-blue-sponge-wallpaint' width='100.0' height='100.0' image='9'/>
  </pieceOfFurniture>
  <pieceOfFurniture level='level-177631e1-705d-450f-b517-8bebf10051fa' catalogId='Russian#radiator_7section' name='Radiator' creator='Russian' model='11/radiator_7section.obj' x='679.42786' y='214.86922' elevation='20.0' width='68.3' depth='19.0' height='91.0' modelSize='628650' movable='false'/>
  <pieceOfFurniture level='level-177631e1-705d-450f-b517-8bebf10051fa' catalogId='LucaPresidente#scrivania160W' name='Desk' creator='LucaPresidente' model='13/scrivania160W.obj' x='477.02332' y='307.2012' angle='1.5707964' width='160.0' depth='80.0' height='72.0' color='FFF4F4F4' modelSize='21321'/>
  <pieceOfFurniture level='level-177631e1-705d-450f-b517-8bebf10051fa' catalogId='PeterSmolik#chair2' name='Chair' creator='Peter Smolik' model='15/chair2.obj' x='406.5733' y='272.6759' angle='4.712389' width='57.9' widthInPlan='57.90001' depth='60.9' depthInPlan='60.900005' height='90.200005' modelSize='227018'/>
  <pieceOfFurniture level='level-177631e1-705d-450f-b517-8bebf10051fa' catalogId='LucaPresidente#mobile90198W' name='Bookcase 90x198' creator='LucaPresidente' model='17/mobile90198W.obj' x='312.37656' y='518.7492' angle='4.712389' width='80.0' depth='30.0' height='198.0' modelSize='270543'>
    <texture name='Dark brown' creator='Emmanuel Puybaret' catalogId='Puybaret#darkBrown' width='40.0' height='80.0' image='18'/>
  </pieceOfFurniture>
  <pieceOfFurniture level='level-177631e1-705d-450f-b517-8bebf10051fa' catalogId='LucaPresidente#mobile90198W' name='Bookcase 90x198' creator='LucaPresidente' model='17/mobile90198W.obj' x='312.31' y='438.74936' angle='4.712389' width='80.0' depth='30.0' height='198.0' modelSize='270543'>
    <texture name='Dark brown' creator='Emmanuel Puybaret' catalogId='Puybaret#darkBrown' width='40.0' height='80.0' image='18'/>
  </pieceOfFurniture>
  <pieceOfFurniture level='level-177631e1-705d-450f-b517-8bebf10051fa' catalogId='eTeks#fridgeFreezer' name='Fridge &amp; Freezer' creator='eTeks' model='20' x='482.67847' y='597.21924' angle='1.5707964' width='59.7' depth='66.0' height='185.40001' modelSize='26363'/>
  <pieceOfFurniture level='level-177631e1-705d-450f-b517-8bebf10051fa' catalogId='eTeks#clothesWasher' name='Clothes washer' creator='eTeks' model='22' x='485.5835' y='656.91925' angle='1.5707964' width='59.7' depth='62.9' height='85.1' modelSize='24815'/>
  <pieceOfFurniture level='level-177631e1-705d-450f-b517-8bebf10051fa' catalogId='eTeks#sink' name='Sink' creator='eTeks' model='24' x='486.61682' y='746.7692' angle='1.5707964' width='120.0' depth='63.5' height='106.0' modelSize='41849' movable='false'/>
  <pieceOfFurniture level='level-177631e1-705d-450f-b517-8bebf10051fa' catalogId='eTeks#kitchenCabinet' name='Kitchen cabinet' creator='eTeks' model='26' x='328.31665' y='887.99835' angle='3.1415927' width='59.7' depth='63.5' height='85.1' modelSize='11366' movable='false'/>
  <pieceOfFurniture level='level-177631e1-705d-450f-b517-8bebf10051fa' catalogId='eTeks#cooker' name='Cooker' creator='eTeks' model='28' x='388.01666' y='888.6484' angle='3.1415927' width='59.7' depth='62.2' height='85.1' modelSize='42013'/>
  <pieceOfFurniture level='level-177631e1-705d-450f-b517-8bebf10051fa' catalogId='LucaPresidente#lavastoviglie' name='Dishwasher' creator='LucaPresidente' model='30/lavastoviglie.obj' x='485.7333' y='817.406' angle='1.5707964' width='45.0' depth='62.600002' height='78.0' modelSize='180918'/>
  <pieceOfFurniture level='level-177631e1-705d-450f-b517-8bebf10051fa' catalogId='Russian#radiator_7section' name='Radiator' creator='Russian' model='11/radiator_7section.obj' x='388.3167' y='576.86926' elevation='20.0' angle='6.283185' width='68.3' depth='19.0' height='91.0' modelSize='628650' movable='false'/>
  <pieceOfFurniture level='level-177631e1-705d-450f-b517-8bebf10051fa' catalogId='Bettinelli#barCusisine' name='Bar table' creator='Gaël Bettinelli' model='32/barCusisine.obj' x='319.81036' y='777.4423' angle='4.712389' width='160.0' depth='45.0' height='108.4' color='FFF7F7F7' modelSize='57766'/>
  <pieceOfFurniture level='level-177631e1-705d-450f-b517-8bebf10051fa' catalogId='eTeks#table' name='Table' creator='eTeks' model='34' x='1015.2454' y='257.9803' width='120.0' depth='75.0' height='74.0' color='FFF7F7F7' modelSize='5486'/>
  <pieceOfFurniture level='level-177631e1-705d-450f-b517-8bebf10051fa' catalogId='GdB#armchair2' name='Armchair' creator='GdB' model='36' x='875.08136' y='264.97806' angle='0.7853982' width='68.0' depth='83.0' height='100.0' modelRotation='0 -1 0 0 0 1 -1 0 0' modelSize='55982'>
    <texture name='Balanced blue sponge wallpaint' creator='Scopia' catalogId='eTeksScopia#balanced-blue-sponge-wallpaint' width='100.0' height='100.0' image='9'/>
  </pieceOfFurniture>
  <pieceOfFurniture level='level-177631e1-705d-450f-b517-8bebf10051fa' catalogId='OlaKristianHoff#shelves_storage_wood2' name='Wood shelves' creator='Ola-Kristian Hoff' model='38/shelves_storage_wood2.obj' x='941.99994' y='489.7492' angle='4.712389' width='140.0' depth='37.0' height='243.8' modelSize='19969'>
    <texture name='Balanced blue sponge wallpaint' creator='Scopia' catalogId='eTeksScopia#balanced-blue-sponge-wallpaint' width='100.0' height='100.0' image='9'/>
  </pieceOfFurniture>
  <doorOrWindow level='level-177631e1-705d-450f-b517-8bebf10051fa' catalogId='eTeks#window85x123' name='Small window' creator='eTeks' model='40' x='994.0842' y='966.12775' elevation='87.0' angle='1.5707964' width='60.0' depth='10.452342' height='134.0' modelSize='9333' movable='false' cutOutShape='M0,0 v1 h1 v-1 z' wallCutOutOnBothSides='true'/>
  <doorOrWindow level='level-177631e1-705d-450f-b517-8bebf10051fa' catalogId='eTeks#doubleWindow126x123' name='Double small window' creator='eTeks' model='2' x='994.0842' y='1140.266' elevation='87.0' angle='1.5707964' width='90.0' depth='10.452342' height='134.0' modelSize='13503' movable='false' cutOutShape='M0,0 v1 h1 v-1 z' wallCutOutOnBothSides='true'/>
  <pieceOfFurniture level='level-177631e1-705d-450f-b517-8bebf10051fa' catalogId='LucaPresidente#doccia' name='Shower cabin' creator='LucaPresidente' model='42/doccia.obj' x='956.5599' y='943.15076' angle='1.5707964' width='160.0' depth='70.0' height='200.0' modelRotation='-1 0 0 0 1 0 0 0 -1' modelSize='152895'/>
  <pieceOfFurniture level='level-177631e1-705d-450f-b517-8bebf10051fa' catalogId='eTeks#toiletUnit' name='Toilet unit' creator='eTeks' model='44' x='862.1698' y='897.3692' width='40.0' depth='80.0' height='62.2' modelSize='125874' movable='false'/>
  <pieceOfFurniture level='level-177631e1-705d-450f-b517-8bebf10051fa' catalogId='eTeks#bed140x190' name='Double bed' creator='eTeks' model='46' x='1349.0789' y='321.75928' angle='1.5707964' width='145.0' depth='207.0' height='69.9' modelSize='11797'>
    <texture name='Blue lines' creator='Scopia' catalogId='eTeksScopia#3_blue_and_white_lines_wallpaper' width='100.0' height='100.0' angle='1.5707964' image='47'/>
  </pieceOfFurniture>
  <pieceOfFurniture level='level-177631e1-705d-450f-b517-8bebf10051fa' catalogId='Ravey#smallbookshelves' name='Small bookshelves' creator='Don Ravey' model='49/smallbookshelves.obj' x='1435.8289' y='516.04913' angle='1.5707964' width='87.4' depth='33.5' height='105.9' modelSize='11079'>
    <texture name='Balanced blue sponge wallpaint' creator='Scopia' catalogId='eTeksScopia#balanced-blue-sponge-wallpaint' width='100.0' height='100.0' image='9'/>
  </pieceOfFurniture>
  <pieceOfFurniture level='level-177631e1-705d-450f-b517-8bebf10051fa' catalogId='Russian#radiator_7section' name='Radiator' creator='Russian' model='11/radiator_7section.obj' x='1380.3168' y='217.70119' elevation='20.0' width='68.3' depth='19.0' height='91.0' modelSize='628650' movable='false'/>
  <pieceOfFurniture level='level-177631e1-705d-450f-b517-8bebf10051fa' catalogId='PeterSmolik#hallTable' name='Dresser' creator='Peter Smolik' model='51/hallTable.obj' x='534.6341' y='626.9159' angle='4.712389' width='117.4' depth='20.0' height='87.6' color='FFF7F7F7' modelSize='542892'/>
  <pieceOfFurniture level='level-177631e1-705d-450f-b517-8bebf10051fa' catalogId='Puybaret#mirror' name='Mirror' creator='Emmanuel Puybaret' model='53/mirror.obj' x='591.8473' y='567.6192' elevation='30.0' angle='6.283185' width='40.0' depth='0.5' height='140.0' modelSize='7802'/>
  <pieceOfFurniture level='level-177631e1-705d-450f-b517-8bebf10051fa' catalogId='Geantick#ecran16_9' name='TV 16:9' creator='Geantick' model='55' x='796.18335' y='545.6992' elevation='50.0' angle='3.1415927' width='86.700005' depth='28.1' height='58.0' modelSize='9154'/>
  <pieceOfFurniture level='level-177631e1-705d-450f-b517-8bebf10051fa' catalogId='Russian#radiator_7section' name='Radiator' creator='Russian' model='11/radiator_7section.obj' x='668.2601' y='719.5359' elevation='20.0' angle='6.283185' width='68.3' depth='19.0' height='91.0' modelSize='628650' movable='false'/>
  <doorOrWindow level='level-177631e1-705d-450f-b517-8bebf10051fa' catalogId='eTeks#frontDoor' name='Front door' creator='eTeks' model='57' x='734.44165' y='629.64264' angle='1.5707964' width='101.5' depth='9.737416' height='208.5' modelMirrored='true' color='FF6F6F6F' modelSize='24179' movable='false' cutOutShape='M0,0 v1 h1 v-1 z' wallCutOutOnBothSides='true'/>
  <doorOrWindow level='level-177631e1-705d-450f-b517-8bebf10051fa' catalogId='OlaKristianHoff#glass_door_framless' name='Glass door' creator='Ola-Kristian Hoff' model='59/glass_door_framless.obj' x='617.3138' y='913.062' angle='4.7045097' width='91.1225' depth='7.62075' height='210.5025' modelSize='22234' movable='false' cutOutShape='M0,0 v1 h1 v-1 z' wallCutOutOnBothSides='true'/>
  <doorOrWindow level='level-177631e1-705d-450f-b517-8bebf10051fa' catalogId='RonnieTantriady#glassblock' name='Glass blocks' creator='RonnieTantriady' model='61/glassblock.obj' x='616.8344' y='790.68085' elevation='120.0' angle='1.5707964' width='45.0' depth='7.62075' height='75.0' modelSize='299037' movable='false' cutOutShape='M0,0 v1 h1 v-1 z' wallCutOutOnBothSides='true'>
    <material name='Glass' color='FFCDF5FE'/>
  </doorOrWindow>
  <pieceOfFurniture level='level-177631e1-705d-450f-b517-8bebf10051fa' catalogId='Scopia#internal-unity-air-conditioning' name='Air conditioning - Internal unit' creator='Scopia' model='63/internal-unity-air-conditioning.obj' x='597.0833' y='215.26921' elevation='200.0' width='88.5' depth='19.800001' height='28.5' modelSize='185600' movable='false'/>
  <pieceOfFurniture level='level-177631e1-705d-450f-b517-8bebf10051fa' catalogId='Scopia#internal-unity-air-conditioning' name='Air conditioning - Internal unit' creator='Scopia' model='63/internal-unity-air-conditioning.obj' x='1266.4167' y='215.26923' elevation='200.0' width='88.5' depth='19.800001' height='28.5' modelSize='185600' movable='false'/>
  <pieceOfFurniture level='level-177631e1-705d-450f-b517-8bebf10051fa' catalogId='Scopia#internal-unity-air-conditioning' name='Air conditioning - Internal unit' creator='Scopia' model='63/internal-unity-air-conditioning.obj' x='507.12332' y='298.12595' elevation='200.0' angle='1.5707964' width='88.5' depth='19.800001' height='28.5' modelSize='185600' movable='false'/>
  <pieceOfFurniture level='level-177631e1-705d-450f-b517-8bebf10051fa' catalogId='Snduc#radiateurVertical' name='Vertical radiator' creator='Snduc' model='65' x='677.1084' y='858.9135' elevation='23.0' angle='0.011235413' width='61.0' depth='4.4' height='187.0' modelRotation='-1 0 0 0 1 0 0 0 -1' modelSize='39233' movable='false'/>
  <pieceOfFurniture level='level-177631e1-705d-450f-b517-8bebf10051fa' catalogId='Puybaret#mirror' name='Mirror' creator='Emmanuel Puybaret' model='53/mirror.obj' x='752.8334' y='1022.4992' elevation='100.0' angle='3.1415927' width='100.0' depth='0.5' height='100.0' modelSize='7802'/>
  <pieceOfFurniture level='level-177631e1-705d-450f-b517-8bebf10051fa' catalogId='eTeks#wardrobe' name='Wardrobe' creator='eTeks' model='67' x='666.3578' y='1099.8135' angle='1.5707964' width='250.0' depth='62.0' height='243.0' modelSize='23218'/>
  <doorOrWindow level='level-177631e1-705d-450f-b517-8bebf10051fa' catalogId='eTeks#frontDoor' name='Front door' creator='eTeks' model='57' x='1099.2223' y='630.97595' angle='4.712389' width='101.5' depth='9.711861' height='208.5' modelMirrored='true' modelSize='24179' movable='false' cutOutShape='M0,0 v1 h1 v-1 z' wallCutOutOnBothSides='true'/>
  <pieceOfFurniture level='level-177631e1-705d-450f-b517-8bebf10051fa' catalogId='LucaPresidente#mobilettoLavaboWenge' name='Washbasin with cabinet' creator='LucaPresidente' model='69/mobilettoLavaboWenge.obj' x='746.6667' y='1000.9992' angle='3.1415927' width='81.0' depth='42.5' height='101.3' modelSize='352939'/>
  <pieceOfFurniture level='level-177631e1-705d-450f-b517-8bebf10051fa' catalogId='Russian#radiator_7section' name='Radiator' creator='Russian' model='11/radiator_7section.obj' x='479.8723' y='217.7012' elevation='20.0' width='68.3' depth='19.0' height='91.0' modelSize='628650' movable='false'/>
  <pieceOfFurniture level='level-177631e1-705d-450f-b517-8bebf10051fa' catalogId='Scopia#external-unity-air-conditioning' name='Air conditioning - External unit' creator='Scopia' model='71/external-unity-air-conditioning.obj' x='361.60553' y='183.54922' elevation='167.0' angle='3.1415927' width='77.1' depth='28.4' height='54.2' modelSize='200253' movable='false'/>
  <pieceOfFurniture level='level-177631e1-705d-450f-b517-8bebf10051fa' catalogId='OlaKristianHoff#awning_bracket' name='Awning' creator='Ola-Kristian Hoff' model='73/awning_bracket.obj' x='204.98962' y='688.5915' elevation='188.40001' angle='1.5707963' width='310.0' depth='169.40001' height='61.600002' modelSize='61726'/>
  <pieceOfFurniture level='level-177631e1-705d-450f-b517-8bebf10051fa' catalogId='OlaKristianHoff#awning_bracket' name='Awning' creator='Ola-Kristian Hoff' model='73/awning_bracket.obj' x='204.9896' y='1035.1936' elevation='188.40001' angle='1.5707964' width='310.0' depth='169.40001' height='61.600002' modelSize='61726'/>
  <pieceOfFurniture level='level-177631e1-705d-450f-b517-8bebf10051fa' catalogId='Scopia#garden-faucet' name='Garden faucet' creator='Scopia' model='75/garden-faucet.obj' x='279.69' y='700.92816' elevation='60.0' angle='1.5707964' width='5.0' depth='20.0' height='15.5' modelSize='39533' movable='false'/>
  <pieceOfFurniture level='level-177631e1-705d-450f-b517-8bebf10051fa' catalogId='Scopia#rattanSofa' name='Rattan sofa' creator='Scopia' model='77/rattanSofa.obj' x='39.51001' y='262.6482' angle='4.712389' width='160.0' depth='72.4' height='78.700005' modelSize='109321'/>
  <pieceOfFurniture level='level-177631e1-705d-450f-b517-8bebf10051fa' catalogId='Scopia#rattanTable' name='Rattan table' creator='Scopia' model='79/rattanTable.obj' x='145.72223' y='256.44812' angle='1.5707964' width='120.0' depth='60.0' height='40.0' modelSize='58996'/>
  <pieceOfFurniture level='level-177631e1-705d-450f-b517-8bebf10051fa' catalogId='Scopia#rattanArmchair' name='Rattan armchair' creator='Scopia' model='81/rattanArmchair.obj' x='253.48997' y='237.94812' angle='1.5707963' width='71.0' depth='72.4' height='78.700005' modelSize='91347'/>
  <pieceOfFurniture level='level-177631e1-705d-450f-b517-8bebf10051fa' catalogId='Scopia#rattanArmchair' name='Rattan armchair' creator='Scopia' model='81/rattanArmchair.obj' x='253.48999' y='390.83704' angle='1.5707963' width='71.0' depth='72.4' height='78.700005' modelSize='91347'/>
  <pieceOfFurniture level='level-177631e1-705d-450f-b517-8bebf10051fa' catalogId='Scopia#silla_teca' name='Teck chair' creator='Scopia' model='83/silla_teca.obj' x='238.91223' y='742.61475' angle='2.3561945' width='58.0' depth='67.0' height='98.4' modelRotation='0 0 -1 0 1 0 1 0 0' modelSize='74312'/>
  <pieceOfFurniture level='level-177631e1-705d-450f-b517-8bebf10051fa' catalogId='Scopia#ext_table' name='Table' creator='Scopia' model='85/ext_table.obj' x='123.31' y='706.2148' angle='1.5707964' width='60.0' depth='60.0' height='75.0' modelSize='187446'/>
  <pieceOfFurniture level='level-177631e1-705d-450f-b517-8bebf10051fa' catalogId='Scopia#garden-hut' name='Garden hut' creator='Scopia' model='87/garden-hut.obj' x='204.19' y='1205.7491' angle='3.1415925' width='171.0' depth='40.0' height='198.0' modelSize='168093'/>
  <pieceOfFurniture level='level-177631e1-705d-450f-b517-8bebf10051fa' catalogId='OlaKristianHoff#stairs_legal' name='Straight staircase' creator='Ola-Kristian Hoff' model='89/stairs_legal.obj' x='1045.8108' y='796.7592' angle='3.1415927' width='90.0' depth='190.0' height='355.9' modelSize='11976' movable='false' staircaseCutOutShape='M0,0 h1 v0.97 h-1 z'>
    <texture name='Beige tiles' creator='eTeks' catalogId='eTeks#beigeTile' width='20.0' height='20.0' image='90'/>
  </pieceOfFurniture>
  <doorOrWindow level='level-177631e1-705d-450f-b517-8bebf10051fa' catalogId='Scopia#elevator-door' name='Elevator door' creator='Scopia' model='92/elevator-door.obj' x='918.0778' y='706.6712' width='120.0' depth='21.84475' height='244.90001' modelSize='29156' movable='false' cutOutShape='M0,0 v1 h1 v-1 z' wallCutOutOnBothSides='true'/>
  <pieceOfFurniture level='level-d0a7e653-9f81-4cf4-9137-7fdf2e48fdd7' catalogId='OlaKristianHoff#stairs_legal' name='Straight staircase' creator='Ola-Kristian Hoff' model='89/stairs_legal.obj' x='786.1992' y='773.9714' width='88.0' depth='148.0' height='355.9' modelSize='11976' staircaseCutOutShape='M0,0 h1 v0.97 h-1 z'>
    <texture name='Beige tiles' creator='eTeks' catalogId='eTeks#beigeTile' width='20.0' height='20.0' image='90'/>
  </pieceOfFurniture>
  <pieceOfFurniture level='level-177631e1-705d-450f-b517-8bebf10051fa' catalogId='Scopia#wardrobe1' name='Wardrobe' creator='Scopia' model='94/wardrobe1.obj' x='1152.81' y='323.3692' angle='4.712389' width='236.0' depth='99.0' height='243.0' modelSize='180682'/>
  <pieceOfFurniture level='level-177631e1-705d-450f-b517-8bebf10051fa' catalogId='Scopia#white_kitchen_chair' name='Chair' creator='Scopia' model='96/white_kitchen_chair.obj' x='959.9179' y='255.48907' angle='4.712389' width='42.7' depth='46.9' height='86.0' modelSize='244041'/>
  <pieceOfFurniture level='level-177631e1-705d-450f-b517-8bebf10051fa' catalogId='Scopia#white_kitchen_chair' name='Chair' creator='Scopia' model='96/white_kitchen_chair.obj' x='1071.8723' y='259.04462' angle='1.5707964' width='42.7' depth='46.9' height='86.0' modelSize='244041'/>
  <pieceOfFurniture level='level-177631e1-705d-450f-b517-8bebf10051fa' catalogId='Scopia#white_kitchen_chair' name='Chair' creator='Scopia' model='96/white_kitchen_chair.obj' x='1019.9611' y='288.378' angle='3.1415927' width='42.7' depth='46.9' height='86.0' modelSize='244041'/>
  <pieceOfFurniture level='level-177631e1-705d-450f-b517-8bebf10051fa' catalogId='Scopia#white_kitchen_chair' name='Chair' creator='Scopia' model='96/white_kitchen_chair.obj' x='1027.0723' y='228.81921' width='42.7' depth='46.9' height='86.0' modelSize='244041'/>
  <pieceOfFurniture level='level-177631e1-705d-450f-b517-8bebf10051fa' catalogId='Scopia#table_wood_and_iron' name='Coffee table' creator='Scopia' model='98/table_wood_and_iron.obj' x='685.9099' y='275.3003' angle='4.712389' width='93.0' depth='56.0' height='50.3' color='FFF4F4F4' modelSize='175637'/>
  <light level='level-177631e1-705d-450f-b517-8bebf10051fa' catalogId='eTeks#floorUplight' name='Floor uplight' creator='eTeks' model='100' x='325.33334' y='1198.7612' width='33.0' depth='33.0' height='181.0' modelSize='19627'>
    <texture name='Frosted glass' creator='Scopia' catalogId='eTeksScopia#wall-frosted-glass' width='60.0' height='60.0' image='101'/>
  </light>
  <pieceOfFurniture level='level-177631e1-705d-450f-b517-8bebf10051fa' catalogId='Pastierovic#guitar' name='Guitar' creator='Robert Pastierovic' model='103' x='920.89996' y='533.3058' angle='4.712389' width='38.600002' depth='5.2000003' height='97.6' modelMirrored='true' modelRotation='1 0 0 0 0 -1 0 1 0' modelSize='71382'>
    <texture name='Brown tiles with frieze' creator='Ola-Kristian Hoff' catalogId='OlaKristianHoff#tile_wall_pattern' width='31.25' height='250.0' image='104'/>
  </pieceOfFurniture>
  <pieceOfFurniture level='level-177631e1-705d-450f-b517-8bebf10051fa' catalogId='Scopia#maceta' name='Plant' creator='Scopia' model='106/maceta.obj' x='916.1112' y='477.3946' angle='4.712389' width='59.0' depth='65.0' height='58.0' modelSize='171935'/>
  <pieceOfFurniture level='level-177631e1-705d-450f-b517-8bebf10051fa' catalogId='PeterSmolik#potplant2' name='Plant' creator='Peter Smolik' model='108/potplant2.obj' x='1031.4679' y='253.71922' elevation='75.0' angle='4.712389' width='96.700005' depth='96.200005' height='85.4' modelSize='359343'/>
  <pieceOfFurniture level='level-177631e1-705d-450f-b517-8bebf10051fa' catalogId='Artist373#glassDoorKitchenCabinet' name='Glass door cabinet' creator='Pencilart' model='110' x='311.31' y='712.75024' elevation='145.0' angle='4.712389' width='86.0' depth='28.0' height='80.0' modelSize='13767'>
    <texture name='Balanced blue sponge wallpaint' creator='Scopia' catalogId='eTeksScopia#balanced-blue-sponge-wallpaint' width='100.0' height='100.0' image='9'/>
  </pieceOfFurniture>
  <pieceOfFurniture level='level-177631e1-705d-450f-b517-8bebf10051fa' catalogId='Pastierovic#upperCabinet' name='Gray upper cabinet' creator='Robert Pastierovic' model='112' x='329.05557' y='897.74835' elevation='165.0' angle='3.1415927' width='60.0' depth='44.0' height='60.100002' color='FFF4F4F4' modelSize='3577'/>
  <pieceOfFurniture level='level-177631e1-705d-450f-b517-8bebf10051fa' catalogId='Pastierovic#upperCabinet' name='Gray upper cabinet' creator='Robert Pastierovic' model='112' x='389.05557' y='897.74835' elevation='165.0' angle='3.1415927' width='60.0' depth='44.0' height='60.100002' color='FFF4F4F4' modelSize='3577'/>
  <pieceOfFurniture level='level-177631e1-705d-450f-b517-8bebf10051fa' catalogId='Pastierovic#upperCabinet' name='Gray upper cabinet' creator='Robert Pastierovic' model='112' x='495.03333' y='777.0692' elevation='165.0' angle='1.5707964' width='60.0' depth='44.0' height='60.100002' color='FFF4F4F4' modelSize='3577'/>
  <pieceOfFurniture level='level-177631e1-705d-450f-b517-8bebf10051fa' catalogId='Pastierovic#upperCabinet' name='Gray upper cabinet' creator='Robert Pastierovic' model='112' x='495.03333' y='717.0692' elevation='165.0' angle='1.5707964' width='60.0' depth='44.0' height='60.100002' color='FFF4F4F4' modelSize='3577'/>
  <pieceOfFurniture level='level-177631e1-705d-450f-b517-8bebf10051fa' catalogId='Pastierovic#upperCabinet' name='Gray upper cabinet' creator='Robert Pastierovic' model='112' x='495.03333' y='657.0692' elevation='165.0' angle='1.5707964' width='60.0' depth='44.0' height='60.100002' color='FFF4F4F4' modelSize='3577'/>
  <pieceOfFurniture level='level-177631e1-705d-450f-b517-8bebf10051fa' catalogId='Pastierovic#upperCabinet' name='Gray upper cabinet' creator='Robert Pastierovic' model='112' x='495.03333' y='597.0692' elevation='165.0' angle='1.5707964' width='60.0' depth='44.0' height='60.100002' color='FFF4F4F4' modelSize='3577'/>
  <doorOrWindow level='level-177631e1-705d-450f-b517-8bebf10051fa' catalogId='eTeks#openDoor' name='Open door' creator='eTeks' model='114' x='491.56805' y='510.60803' angle='1.5707964' width='91.4' depth='67.9' height='208.3' modelMirrored='true' modelSize='14055' movable='false' cutOutShape='M0,0 v1 h1 v-1 z' wallCutOutOnBothSides='true'/>
  <doorOrWindow level='level-177631e1-705d-450f-b517-8bebf10051fa' catalogId='eTeks#openDoor' name='Open door' creator='eTeks' model='114' x='1128.7651' y='505.27466' angle='4.712389' width='91.4' depth='67.9' height='208.3' modelSize='14055' movable='false' cutOutShape='M0,0 v1 h1 v-1 z' wallCutOutOnBothSides='true'/>
  <doorOrWindow level='level-177631e1-705d-450f-b517-8bebf10051fa' catalogId='eTeks#openDoor' name='Open door' creator='eTeks' model='114' x='575.8467' y='1000.2687' width='91.4' depth='67.9' height='208.3' modelMirrored='true' modelSize='14055' movable='false' cutOutShape='M0,0 v1 h1 v-1 z' wallCutOutOnBothSides='true'/>
  <doorOrWindow level='level-177631e1-705d-450f-b517-8bebf10051fa' catalogId='eTeks#openDoor' name='Open door' creator='eTeks' model='114' x='491.57803' y='874.1635' angle='1.5707964' width='91.4' depth='67.9' height='208.3' modelMirrored='true' modelSize='14055' movable='false' cutOutShape='M0,0 v1 h1 v-1 z' wallCutOutOnBothSides='true'/>
  <wall id='wall-636a1461-5106-4827-94d3-1fa3d6c2fa83' level='level-177631e1-705d-450f-b517-8bebf10051fa' wallAtStart='wall-28141b8f-3659-4354-970c-9e1ddc0c6392' wallAtEnd='wall-7a3dbecc-a694-483f-a23b-65cdebfc238d' xStart='1456.3889' yStart='201.55922' xEnd='1456.3889' yEnd='563.5592' height='243.84' thickness='7.62' pattern='hatchUp' leftSideColor='FF6F6F6F' rightSideColor='FFE0E0E0'/>
  <wall id='wall-dc30bf17-a3d7-4878-ab61-dba25b385c12' level='level-177631e1-705d-450f-b517-8bebf10051fa' xStart='1099.5' yStart='198.00363' xEnd='1099.5' yEnd='564.0033' height='243.84' thickness='7.62' pattern='hatchUp' leftSideColor='FFE0E0E0' rightSideColor='FFE0E0E0'/>
  <wall id='wall-2a3ba1b7-a97a-4518-bb08-ebdf90b7a61a' level='level-177631e1-705d-450f-b517-8bebf10051fa' xStart='520.8333' yStart='203.33699' xEnd='520.8333' yEnd='561.337' height='243.84' thickness='7.62' pattern='hatchUp' leftSideColor='FFE0E0E0' rightSideColor='FFE0E0E0'/>
  <wall id='wall-279f17d5-f1f8-4a08-885e-51adf6d76b6b' level='level-177631e1-705d-450f-b517-8bebf10051fa' xStart='293.5' yStart='923.55835' xEnd='520.8333' yEnd='923.55835' height='243.84' thickness='7.62' pattern='hatchUp' rightSideColor='FFE0E0E0'>
    <texture attribute='leftSideTexture' name='Blue and geometric tiles' creator='Scopia' catalogId='eTeksScopia#blue-and-geometric-kitchen-tiles' width='100.0' height='100.0' image='121'/>
  </wall>
  <wall id='wall-c7bbc4b1-0a8a-42e9-a49d-c06f1d971d59' level='level-177631e1-705d-450f-b517-8bebf10051fa' wallAtEnd='wall-55f968e5-14d2-4d66-b3da-35ca344d5f2e' xStart='1455.5059' yStart='201.55922' xEnd='1455.5059' yEnd='1.5592194' height='243.84' heightAtEnd='100.0' thickness='7.62' pattern='hatchUp'>
    <texture attribute='leftSideTexture' name='Roughcast' creator='eTeks' catalogId='eTeks#roughcast' width='20.0' height='20.0' image='120'/>
    <texture attribute='rightSideTexture' name='Roughcast' creator='eTeks' catalogId='eTeks#roughcast' width='20.0' height='20.0' image='120'/>
  </wall>
  <wall id='wall-55f968e5-14d2-4d66-b3da-35ca344d5f2e' level='level-177631e1-705d-450f-b517-8bebf10051fa' wallAtStart='wall-c7bbc4b1-0a8a-42e9-a49d-c06f1d971d59' wallAtEnd='wall-98fa6462-86fb-437e-b682-cd43e8c26bff' xStart='1455.5059' yStart='1.5592194' xEnd='89.5' yEnd='1.5592194' height='100.0' thickness='7.62' pattern='hatchUp'>
    <texture attribute='leftSideTexture' name='Roughcast' creator='eTeks' catalogId='eTeks#roughcast' width='20.0' height='20.0' image='120'/>
    <texture attribute='rightSideTexture' name='Roughcast' creator='eTeks' catalogId='eTeks#roughcast' width='20.0' height='20.0' image='120'/>
  </wall>
  <wall id='wall-98fa6462-86fb-437e-b682-cd43e8c26bff' level='level-177631e1-705d-450f-b517-8bebf10051fa' wallAtStart='wall-55f968e5-14d2-4d66-b3da-35ca344d5f2e' wallAtEnd='wall-fc038718-d6d9-4b9d-8d48-0da6e07bb652' xStart='89.5' yStart='1.5592194' xEnd='89.5' yEnd='113.55922' height='100.0' thickness='7.62' pattern='hatchUp'>
    <texture attribute='leftSideTexture' name='Roughcast' creator='eTeks' catalogId='eTeks#roughcast' width='20.0' height='20.0' image='120'/>
    <texture attribute='rightSideTexture' name='Roughcast' creator='eTeks' catalogId='eTeks#roughcast' width='20.0' height='20.0' image='120'/>
  </wall>
  <wall id='wall-fc038718-d6d9-4b9d-8d48-0da6e07bb652' level='level-177631e1-705d-450f-b517-8bebf10051fa' wallAtStart='wall-98fa6462-86fb-437e-b682-cd43e8c26bff' wallAtEnd='wall-b98c4853-5c7e-46d4-b04b-1cd255cae91b' xStart='89.5' yStart='113.55922' xEnd='-0.5' yEnd='113.55922' height='100.0' thickness='7.62' pattern='hatchUp'>
    <texture attribute='leftSideTexture' name='Roughcast' creator='eTeks' catalogId='eTeks#roughcast' width='20.0' height='20.0' image='120'/>
    <texture attribute='rightSideTexture' name='Roughcast' creator='eTeks' catalogId='eTeks#roughcast' width='20.0' height='20.0' image='120'/>
  </wall>
  <wall id='wall-b98c4853-5c7e-46d4-b04b-1cd255cae91b' level='level-177631e1-705d-450f-b517-8bebf10051fa' wallAtStart='wall-fc038718-d6d9-4b9d-8d48-0da6e07bb652' wallAtEnd='wall-4cfb591d-641d-4d2f-82b5-020b1998f668' xStart='-0.5' yStart='113.55922' xEnd='-0.5' yEnd='475.5592' height='100.0' thickness='7.62' pattern='hatchUp'>
    <texture attribute='leftSideTexture' name='Roughcast' creator='eTeks' catalogId='eTeks#roughcast' width='20.0' height='20.0' image='120'/>
    <texture attribute='rightSideTexture' name='Roughcast' creator='eTeks' catalogId='eTeks#roughcast' width='20.0' height='20.0' image='120'/>
  </wall>
  <wall id='wall-4cfb591d-641d-4d2f-82b5-020b1998f668' level='level-177631e1-705d-450f-b517-8bebf10051fa' wallAtStart='wall-b98c4853-5c7e-46d4-b04b-1cd255cae91b' wallAtEnd='wall-b3ada8b6-bfbb-4c3b-ab7d-7de97dea3063' xStart='-0.5' yStart='475.5592' xEnd='89.5' yEnd='475.5592' height='100.0' thickness='7.62' pattern='hatchUp'>
    <texture attribute='leftSideTexture' name='Roughcast' creator='eTeks' catalogId='eTeks#roughcast' width='20.0' height='20.0' image='120'/>
    <texture attribute='rightSideTexture' name='Roughcast' creator='eTeks' catalogId='eTeks#roughcast' width='20.0' height='20.0' image='120'/>
  </wall>
  <wall id='wall-8ade3ddc-f28b-4009-8495-a0250139dc19' level='level-177631e1-705d-450f-b517-8bebf10051fa' xStart='293.5' yStart='1229.5592' xEnd='89.5' yEnd='1229.5592' height='243.8' heightAtEnd='100.0' thickness='7.62' pattern='hatchUp'>
    <texture attribute='leftSideTexture' name='Roughcast' creator='eTeks' catalogId='eTeks#roughcast' width='20.0' height='20.0' image='120'/>
    <texture attribute='rightSideTexture' name='Roughcast' creator='eTeks' catalogId='eTeks#roughcast' width='20.0' height='20.0' image='120'/>
  </wall>
  <wall id='wall-1bfd18a5-c42f-4629-a348-772da2ce8d5c' level='level-177631e1-705d-450f-b517-8bebf10051fa' wallAtEnd='wall-21a41449-b9df-40ea-b279-96d378e10d4c' xStart='995.5' yStart='895.5592' xEnd='1098.1667' yEnd='895.5592' height='243.84' thickness='7.6' pattern='hatchUp'>
    <texture attribute='rightSideTexture' name='Roughcast' creator='eTeks' catalogId='eTeks#roughcast' width='20.0' height='20.0' image='120'/>
  </wall>
  <wall id='wall-72d32bac-6634-4d83-85f2-d37d712d7f55' level='level-177631e1-705d-450f-b517-8bebf10051fa' wallAtStart='wall-ba151a36-8557-42e3-8f11-7c90d71da8e3' xStart='616.8344' yStart='852.2259' xEnd='616.8344' yEnd='969.2259' height='243.84' thickness='7.62' pattern='hatchUp' rightSideColor='FFE0E0E0'>
    <texture attribute='leftSideTexture' name='Beige tiles' creator='Scopia' catalogId='eTeksScopia#bathroom-tile-beige' width='100.0' height='100.0' image='119'/>
  </wall>
  <wall id='wall-ba151a36-8557-42e3-8f11-7c90d71da8e3' level='level-177631e1-705d-450f-b517-8bebf10051fa' wallAtStart='wall-72d32bac-6634-4d83-85f2-d37d712d7f55' xStart='616.8344' yStart='852.2259' xEnd='735.5' yEnd='853.5592' height='243.84' thickness='7.62' pattern='hatchUp' leftSideColor='FF131313'>
    <texture attribute='rightSideTexture' name='Beige tiles' creator='Scopia' catalogId='eTeksScopia#bathroom-tile-beige' width='100.0' height='100.0' image='119'/>
  </wall>
  <wall id='wall-732a49fb-6147-48f7-aba4-5759ab61ef71' level='level-177631e1-705d-450f-b517-8bebf10051fa' xStart='1098.1667' yStart='563.5592' xEnd='1098.1667' yEnd='895.5592' height='243.84' thickness='7.6' pattern='hatchUp' leftSideColor='FF6F6F6F'/>
  <wall id='wall-0e037f23-ff32-486a-ada9-453aefeac46f' level='level-177631e1-705d-450f-b517-8bebf10051fa' wallAtStart='wall-99826c63-9479-4644-afeb-5765c16c8116' xStart='293.5' yStart='563.55927' xEnd='293.49997' yEnd='201.55922' height='243.84' thickness='7.62' pattern='hatchUp' rightSideColor='FFE0E0E0'>
    <texture attribute='leftSideTexture' name='Roughcast' creator='eTeks' catalogId='eTeks#roughcast' width='20.0' height='20.0' image='120'/>
  </wall>
  <wall id='wall-1f765690-b8e6-4614-9aa1-a9e39b856d07' level='level-177631e1-705d-450f-b517-8bebf10051fa' xStart='995.5' yStart='1026.5592' xEnd='995.5' yEnd='1229.5593' height='243.84' thickness='7.62' pattern='hatchUp' rightSideColor='FF6F6F6F'>
    <texture attribute='leftSideTexture' name='Roughcast' creator='eTeks' catalogId='eTeks#roughcast' width='20.0' height='20.0' image='120'/>
  </wall>
  <wall id='wall-3a4fbd89-451a-416b-ade3-b46b2348a3e0' level='level-177631e1-705d-450f-b517-8bebf10051fa' wallAtStart='wall-42d44f33-5a90-4ad7-9064-fed247ffc82d' xStart='995.5' yStart='895.5592' xEnd='995.5' yEnd='1028.5593' height='243.84' thickness='7.62' pattern='hatchUp'>
    <texture attribute='leftSideTexture' name='Roughcast' creator='eTeks' catalogId='eTeks#roughcast' width='20.0' height='20.0' image='120'/>
    <texture attribute='rightSideTexture' name='Beige tiles' creator='Scopia' catalogId='eTeksScopia#bathroom-tile-beige' width='100.0' height='100.0' image='119'/>
  </wall>
  <wall id='wall-c87d589f-e398-419f-90a4-a5418c3adeae' level='level-177631e1-705d-450f-b517-8bebf10051fa' wallAtEnd='wall-b8cd0fb9-9321-4c88-b57b-88ea60f545ee' xStart='735.5' yStart='563.5592' xEnd='520.8333' yEnd='563.55927' height='243.84' thickness='7.62' pattern='hatchUp' leftSideColor='FFE0E0E0'>
    <texture attribute='rightSideTexture' name='Balanced blue sponge wallpaint' creator='Scopia' catalogId='eTeksScopia#balanced-blue-sponge-wallpaint' width='100.0' height='100.0' image='9'/>
  </wall>
  <wall id='wall-b8cd0fb9-9321-4c88-b57b-88ea60f545ee' level='level-177631e1-705d-450f-b517-8bebf10051fa' wallAtStart='wall-c87d589f-e398-419f-90a4-a5418c3adeae' xStart='520.8333' yStart='563.55927' xEnd='293.5' yEnd='563.55927' height='243.84' thickness='7.62' pattern='hatchUp' rightSideColor='FFE0E0E0'>
    <texture attribute='leftSideTexture' name='Blue and geometric tiles' creator='Scopia' catalogId='eTeksScopia#blue-and-geometric-kitchen-tiles' width='100.0' height='100.0' image='121'/>
  </wall>
  <wall id='wall-c3e544ad-c0d9-44cf-99c0-5ba6e4512bc2' level='level-177631e1-705d-450f-b517-8bebf10051fa' wallAtEnd='wall-f2d003c5-f8dd-4239-b77b-32442b8b4c77' xStart='289.8333' yStart='201.55922' xEnd='520.8333' yEnd='201.55922' height='243.84' thickness='7.62' pattern='hatchUp' rightSideColor='FFE0E0E0'>
    <texture attribute='leftSideTexture' name='Roughcast' creator='eTeks' catalogId='eTeks#roughcast' width='20.0' height='20.0' image='120'/>
  </wall>
  <wall id='wall-f2d003c5-f8dd-4239-b77b-32442b8b4c77' level='level-177631e1-705d-450f-b517-8bebf10051fa' wallAtStart='wall-c3e544ad-c0d9-44cf-99c0-5ba6e4512bc2' wallAtEnd='wall-14ab1a9b-c778-4097-90a1-7d95d20e3fd8' xStart='520.8333' yStart='201.55922' xEnd='571.5' yEnd='201.55922' height='243.84' thickness='7.62' pattern='hatchUp' rightSideColor='FFE0E0E0'>
    <texture attribute='leftSideTexture' name='Roughcast' creator='eTeks' catalogId='eTeks#roughcast' width='20.0' height='20.0' image='120'/>
  </wall>
  <wall id='wall-3128a964-d15a-4a8e-a37f-79816ec9464d' level='level-177631e1-705d-450f-b517-8bebf10051fa' wallAtStart='wall-6618c729-6dc6-406b-a3ce-ec15a0bcd74e' wallAtEnd='wall-e2e3dfcb-7e3a-4b5f-9a5c-e9eec210d8c8' xStart='520.8333' yStart='971.0034' xEnd='618.1678' yEnd='971.0034' height='243.84' thickness='7.62' pattern='hatchUp' leftSideColor='FFE0E0E0' rightSideColor='FFE0E0E0'/>
  <wall id='wall-d68bee61-56a2-4d1e-afef-324cf1f42de3' level='level-177631e1-705d-450f-b517-8bebf10051fa' wallAtEnd='wall-29eb9e6a-4e1a-4db2-9086-f64aa0663f94' xStart='616.8344' yStart='852.2259' xEnd='616.8344' yEnd='732.8459' height='243.84' thickness='7.62' pattern='hatchUp' leftSideColor='FFE0E0E0' rightSideColor='FF131313'/>
  <wall id='wall-29eb9e6a-4e1a-4db2-9086-f64aa0663f94' level='level-177631e1-705d-450f-b517-8bebf10051fa' wallAtStart='wall-d68bee61-56a2-4d1e-afef-324cf1f42de3' xStart='616.8344' yStart='732.8459' xEnd='735.5' yEnd='732.8459' height='243.84' thickness='7.62' pattern='hatchUp' leftSideColor='FFE0E0E0' rightSideColor='FF131313'/>
  <wall id='wall-e2e3dfcb-7e3a-4b5f-9a5c-e9eec210d8c8' level='level-177631e1-705d-450f-b517-8bebf10051fa' wallAtStart='wall-3128a964-d15a-4a8e-a37f-79816ec9464d' wallAtEnd='wall-f5d1a9ec-97de-4067-89a5-1b0132a26d78' xStart='618.1678' yStart='971.0034' xEnd='701.1678' yEnd='971.0034' height='243.84' thickness='7.62' pattern='hatchUp' rightSideColor='FFE0E0E0'>
    <texture attribute='leftSideTexture' name='Beige tiles' creator='Scopia' catalogId='eTeksScopia#bathroom-tile-beige' width='100.0' height='100.0' image='119'/>
  </wall>
  <wall id='wall-f5d1a9ec-97de-4067-89a5-1b0132a26d78' level='level-177631e1-705d-450f-b517-8bebf10051fa' wallAtStart='wall-e2e3dfcb-7e3a-4b5f-9a5c-e9eec210d8c8' xStart='701.1678' yStart='971.0034' xEnd='701.1678' yEnd='1026.5592' height='243.84' thickness='7.62' pattern='hatchUp' rightSideColor='FFE0E0E0'>
    <texture attribute='leftSideTexture' name='Beige tiles' creator='Scopia' catalogId='eTeksScopia#bathroom-tile-beige' width='100.0' height='100.0' image='119'/>
  </wall>
  <wall id='wall-5cd07995-5f08-474d-9a9a-c837a81c5f82' level='level-177631e1-705d-450f-b517-8bebf10051fa' wallAtEnd='wall-47d3fef3-bb9c-49b2-99e3-78c50cb3489b' xStart='995.5' yStart='1026.5592' xEnd='701.1678' yEnd='1026.5592' height='243.84' thickness='7.62' pattern='hatchUp' leftSideColor='FF6F6F6F'>
    <texture attribute='rightSideTexture' name='Beige tiles' creator='Scopia' catalogId='eTeksScopia#bathroom-tile-beige' width='100.0' height='100.0' image='119'/>
  </wall>
  <wall id='wall-be0bedaa-a779-446e-be77-67ccab6fbac8' level='level-177631e1-705d-450f-b517-8bebf10051fa' wallAtStart='wall-c6b15752-f930-4571-bd6e-8d481446cf5f' wallAtEnd='wall-d03cb7e2-d1f0-4e1c-90b4-463997b4727f' xStart='735.5' yStart='563.5592' xEnd='735.5' yEnd='732.8459' height='243.84' thickness='7.62' pattern='hatchUp' rightSideColor='FFE0E0E0'/>
  <wall id='wall-d03cb7e2-d1f0-4e1c-90b4-463997b4727f' level='level-177631e1-705d-450f-b517-8bebf10051fa' wallAtStart='wall-be0bedaa-a779-446e-be77-67ccab6fbac8' wallAtEnd='wall-af855ed6-a3f5-4cb9-93a3-b1e6781666bf' xStart='735.5' yStart='732.8459' xEnd='735.5' yEnd='853.5592' height='243.84' thickness='7.62' pattern='hatchUp' rightSideColor='FF131313'/>
  <wall id='wall-47d3fef3-bb9c-49b2-99e3-78c50cb3489b' level='level-177631e1-705d-450f-b517-8bebf10051fa' wallAtStart='wall-5cd07995-5f08-474d-9a9a-c837a81c5f82' xStart='701.1678' yStart='1026.5592' xEnd='701.1678' yEnd='1229.5592' height='243.84' thickness='7.62' pattern='hatchUp' leftSideColor='FF6F6F6F' rightSideColor='FFE0E0E0'/>
  <wall id='wall-af7924d7-c06b-4bb3-bd18-6c3ce581f5fc' level='level-177631e1-705d-450f-b517-8bebf10051fa' wallAtEnd='wall-42d44f33-5a90-4ad7-9064-fed247ffc82d' xStart='995.5' yStart='849.5592' xEnd='995.5' yEnd='853.5592' height='243.84' thickness='7.62' pattern='hatchUp'>
    <texture attribute='rightSideTexture' name='Beige tiles' creator='Scopia' catalogId='eTeksScopia#bathroom-tile-beige' width='100.0' height='100.0' image='119'/>
  </wall>
  <wall id='wall-42d44f33-5a90-4ad7-9064-fed247ffc82d' level='level-177631e1-705d-450f-b517-8bebf10051fa' wallAtStart='wall-af7924d7-c06b-4bb3-bd18-6c3ce581f5fc' wallAtEnd='wall-3a4fbd89-451a-416b-ade3-b46b2348a3e0' xStart='995.5' yStart='853.5592' xEnd='995.5' yEnd='895.5592' height='243.84' thickness='7.62' pattern='hatchUp'>
    <texture attribute='rightSideTexture' name='Beige tiles' creator='Scopia' catalogId='eTeksScopia#bathroom-tile-beige' width='100.0' height='100.0' image='119'/>
  </wall>
  <wall id='wall-d98b337f-94b5-4762-8011-012370a2ddfb' level='level-177631e1-705d-450f-b517-8bebf10051fa' wallAtEnd='wall-82f0e5fe-2794-42b8-ac96-a8b66b6bc696' xStart='701.1678' yStart='1229.5593' xEnd='293.5' yEnd='1229.5593' height='243.84' thickness='7.62' pattern='hatchUp' leftSideColor='FF6F6F6F' rightSideColor='FF6F4F28'/>
  <wall id='wall-49e80ac1-a8e7-4878-b99a-279ef27a196d' level='level-177631e1-705d-450f-b517-8bebf10051fa' wallAtEnd='wall-6618c729-6dc6-406b-a3ce-ec15a0bcd74e' xStart='520.8333' yStart='560.89233' xEnd='520.8333' yEnd='923.55835' height='243.84' thickness='7.6' pattern='hatchUp' leftSideColor='FFE0E0E0'>
    <texture attribute='rightSideTexture' name='Blue and geometric tiles' creator='Scopia' catalogId='eTeksScopia#blue-and-geometric-kitchen-tiles' width='100.0' height='100.0' image='121'/>
  </wall>
  <wall id='wall-6618c729-6dc6-406b-a3ce-ec15a0bcd74e' level='level-177631e1-705d-450f-b517-8bebf10051fa' wallAtStart='wall-49e80ac1-a8e7-4878-b99a-279ef27a196d' wallAtEnd='wall-3128a964-d15a-4a8e-a37f-79816ec9464d' xStart='520.8333' yStart='923.55835' xEnd='520.8333' yEnd='971.0034' height='243.84' thickness='7.6' pattern='hatchUp' leftSideColor='FFE0E0E0' rightSideColor='FFE0E0E0'/>
  <wall id='wall-82f0e5fe-2794-42b8-ac96-a8b66b6bc696' level='level-177631e1-705d-450f-b517-8bebf10051fa' wallAtStart='wall-d98b337f-94b5-4762-8011-012370a2ddfb' wallAtEnd='wall-99826c63-9479-4644-afeb-5765c16c8116' xStart='293.5' yStart='1229.5593' xEnd='293.5' yEnd='923.55835' height='243.84' thickness='7.62' pattern='hatchUp' rightSideColor='FFE0E0E0'>
    <texture attribute='leftSideTexture' name='Roughcast' creator='eTeks' catalogId='eTeks#roughcast' width='20.0' height='20.0' image='120'/>
  </wall>
  <wall id='wall-99826c63-9479-4644-afeb-5765c16c8116' level='level-177631e1-705d-450f-b517-8bebf10051fa' wallAtStart='wall-82f0e5fe-2794-42b8-ac96-a8b66b6bc696' wallAtEnd='wall-0e037f23-ff32-486a-ada9-453aefeac46f' xStart='293.5' yStart='923.55835' xEnd='293.5' yEnd='563.55927' height='243.84' thickness='7.62' pattern='hatchUp'>
    <texture attribute='leftSideTexture' name='Roughcast' creator='eTeks' catalogId='eTeks#roughcast' width='20.0' height='20.0' image='120'/>
    <texture attribute='rightSideTexture' name='Blue and geometric tiles' creator='Scopia' catalogId='eTeksScopia#blue-and-geometric-kitchen-tiles' width='100.0' height='100.0' image='121'/>
  </wall>
  <wall id='wall-69576a0b-84f7-4ba2-a1eb-a785744df995' level='level-177631e1-705d-450f-b517-8bebf10051fa' wallAtEnd='wall-69df3327-00b7-47bc-b859-f38c0f2a5d93' xStart='834.1666' yStart='853.5592' xEnd='834.1666' yEnd='699.5592' height='243.84' thickness='7.62' pattern='hatchUp' rightSideColor='FF131313'/>
  <wall id='wall-69df3327-00b7-47bc-b859-f38c0f2a5d93' level='level-177631e1-705d-450f-b517-8bebf10051fa' wallAtStart='wall-69576a0b-84f7-4ba2-a1eb-a785744df995' wallAtEnd='wall-1b893503-ee8c-4007-bdff-5af7511fd1b7' xStart='834.1666' yStart='699.5592' xEnd='994.9442' yEnd='699.5592' height='243.84' thickness='7.62' pattern='hatchUp' rightSideColor='FF131313'/>
  <wall id='wall-1b893503-ee8c-4007-bdff-5af7511fd1b7' level='level-177631e1-705d-450f-b517-8bebf10051fa' wallAtStart='wall-69df3327-00b7-47bc-b859-f38c0f2a5d93' xStart='994.9442' yStart='699.5592' xEnd='994.9442' yEnd='853.5592' height='243.84' thickness='7.62' pattern='hatchUp' rightSideColor='FF131313'/>
  <wall id='wall-af855ed6-a3f5-4cb9-93a3-b1e6781666bf' level='level-177631e1-705d-450f-b517-8bebf10051fa' wallAtStart='wall-d03cb7e2-d1f0-4e1c-90b4-463997b4727f' wallAtEnd='wall-ee92a747-4bd4-4cad-ae05-28963870a287' xStart='735.5' yStart='853.5592' xEnd='834.1666' yEnd='853.5592' height='243.84' thickness='7.62' pattern='hatchUp'>
    <texture attribute='rightSideTexture' name='Beige tiles' creator='Scopia' catalogId='eTeksScopia#bathroom-tile-beige' width='100.0' height='100.0' image='119'/>
  </wall>
  <wall id='wall-ee92a747-4bd4-4cad-ae05-28963870a287' level='level-177631e1-705d-450f-b517-8bebf10051fa' wallAtStart='wall-af855ed6-a3f5-4cb9-93a3-b1e6781666bf' xStart='834.1666' yStart='853.5592' xEnd='995.5' yEnd='853.5592' height='243.84' thickness='7.62' pattern='hatchUp' leftSideColor='FF131313'>
    <texture attribute='rightSideTexture' name='Beige tiles' creator='Scopia' catalogId='eTeksScopia#bathroom-tile-beige' width='100.0' height='100.0' image='119'/>
  </wall>
  <wall id='wall-21a41449-b9df-40ea-b279-96d378e10d4c' level='level-177631e1-705d-450f-b517-8bebf10051fa' wallAtStart='wall-1bfd18a5-c42f-4629-a348-772da2ce8d5c' xStart='1098.1667' yStart='895.5592' xEnd='1299.1667' yEnd='895.5592' height='243.84' thickness='7.62' pattern='hatchUp' leftSideColor='FF6F6F6F'>
    <texture attribute='rightSideTexture' name='Roughcast' creator='eTeks' catalogId='eTeks#roughcast' width='20.0' height='20.0' image='120'/>
  </wall>
  <wall id='wall-b3ada8b6-bfbb-4c3b-ab7d-7de97dea3063' level='level-177631e1-705d-450f-b517-8bebf10051fa' wallAtStart='wall-4cfb591d-641d-4d2f-82b5-020b1998f668' wallAtEnd='wall-6845e577-922f-442b-96e6-5daab0ec6c7d' xStart='89.5' yStart='475.5592' xEnd='89.5' yEnd='1229.5592' height='100.0' thickness='7.62' pattern='hatchUp'>
    <texture attribute='leftSideTexture' name='Roughcast' creator='eTeks' catalogId='eTeks#roughcast' width='20.0' height='20.0' image='120'/>
    <texture attribute='rightSideTexture' name='Roughcast' creator='eTeks' catalogId='eTeks#roughcast' width='20.0' height='20.0' image='120'/>
  </wall>
  <wall id='wall-6845e577-922f-442b-96e6-5daab0ec6c7d' level='level-177631e1-705d-450f-b517-8bebf10051fa' wallAtStart='wall-b3ada8b6-bfbb-4c3b-ab7d-7de97dea3063' xStart='89.5' yStart='1229.5592' xEnd='89.5' yEnd='1233.5592' height='100.0' thickness='7.62' pattern='hatchUp'>
    <texture attribute='leftSideTexture' name='Roughcast' creator='eTeks' catalogId='eTeks#roughcast' width='20.0' height='20.0' image='120'/>
    <texture attribute='rightSideTexture' name='Roughcast' creator='eTeks' catalogId='eTeks#roughcast' width='20.0' height='20.0' image='120'/>
  </wall>
  <wall id='wall-7a3dbecc-a694-483f-a23b-65cdebfc238d' level='level-177631e1-705d-450f-b517-8bebf10051fa' wallAtStart='wall-636a1461-5106-4827-94d3-1fa3d6c2fa83' wallAtEnd='wall-c6b15752-f930-4571-bd6e-8d481446cf5f' xStart='1456.3889' yStart='563.5592' xEnd='1099.5' yEnd='563.5592' height='243.84' thickness='7.62' pattern='hatchUp' rightSideColor='FFE0E0E0'/>
  <wall id='wall-c6b15752-f930-4571-bd6e-8d481446cf5f' level='level-177631e1-705d-450f-b517-8bebf10051fa' wallAtStart='wall-7a3dbecc-a694-483f-a23b-65cdebfc238d' wallAtEnd='wall-be0bedaa-a779-446e-be77-67ccab6fbac8' xStart='1099.5' yStart='563.5592' xEnd='735.5' yEnd='563.5592' height='243.84' thickness='7.62' pattern='hatchUp'>
    <texture attribute='rightSideTexture' name='Balanced blue sponge wallpaint' creator='Scopia' catalogId='eTeksScopia#balanced-blue-sponge-wallpaint' width='100.0' height='100.0' image='9'/>
  </wall>
  <wall id='wall-14ab1a9b-c778-4097-90a1-7d95d20e3fd8' level='level-177631e1-705d-450f-b517-8bebf10051fa' wallAtStart='wall-f2d003c5-f8dd-4239-b77b-32442b8b4c77' wallAtEnd='wall-28141b8f-3659-4354-970c-9e1ddc0c6392' xStart='571.5' yStart='201.55922' xEnd='1099.5' yEnd='201.55922' height='243.84' thickness='7.62' pattern='hatchUp' rightSideColor='FFE0E0E0'>
    <texture attribute='leftSideTexture' name='Roughcast' creator='eTeks' catalogId='eTeks#roughcast' width='20.0' height='20.0' image='120'/>
  </wall>
  <wall id='wall-28141b8f-3659-4354-970c-9e1ddc0c6392' level='level-177631e1-705d-450f-b517-8bebf10051fa' wallAtStart='wall-14ab1a9b-c778-4097-90a1-7d95d20e3fd8' wallAtEnd='wall-636a1461-5106-4827-94d3-1fa3d6c2fa83' xStart='1099.5' yStart='201.55922' xEnd='1456.3889' yEnd='201.55922' height='243.84' thickness='7.62' pattern='hatchUp' rightSideColor='FFE0E0E0'>
    <texture attribute='leftSideTexture' name='Roughcast' creator='eTeks' catalogId='eTeks#roughcast' width='20.0' height='20.0' image='120'/>
  </wall>
  <wall id='wall-eff5b6cf-79e8-464a-a1b9-ff537ac0ba8d' level='level-177631e1-705d-450f-b517-8bebf10051fa' wallAtEnd='wall-e91bbbc5-c8e6-4ebb-afe7-f47f7f9a93bf' xStart='1098.1667' yStart='564.4833' xEnd='1456.3889' yEnd='564.4833' height='243.84' thickness='7.62' pattern='hatchUp' leftSideColor='FFE0E0E0' rightSideColor='FF6F6F6F'/>
  <wall id='wall-e91bbbc5-c8e6-4ebb-afe7-f47f7f9a93bf' level='level-177631e1-705d-450f-b517-8bebf10051fa' wallAtStart='wall-eff5b6cf-79e8-464a-a1b9-ff537ac0ba8d' xStart='1456.3889' yStart='564.4833' xEnd='1462.1667' yEnd='564.4833' height='243.84' thickness='7.62' pattern='hatchUp' rightSideColor='FF6F6F6F'/>
  <room id='room-f894ccd7-6f28-4cf3-89b7-b7d99e2aa836' level='level-177631e1-705d-450f-b517-8bebf10051fa' areaVisible='true' ceilingVisible='false'>
    <texture attribute='floorTexture' name='Dark blue tiles' creator='eTeks' catalogId='eTeks#darkBlueTile' width='33.5' height='33.5' image='115'/>
    <point x='517.0333' y='567.3692'/>
    <point x='517.0333' y='919.74835'/>
    <point x='297.31' y='919.74835'/>
    <point x='297.31' y='567.36926'/>
  </room>
  <room id='room-61527cdf-acb5-4964-b750-25cb5f4344e0' level='level-177631e1-705d-450f-b517-8bebf10051fa' areaVisible='true' ceilingVisible='false'>
    <texture attribute='floorTexture' name='Wooden floor' creator='Scopia' catalogId='eTeksScopia#english-parquet-dark' width='120.0' height='120.0' image='116'/>
    <point x='517.0233' y='205.36922'/>
    <point x='517.0233' y='559.7492'/>
    <point x='297.31' y='559.74927'/>
    <point x='297.30997' y='205.36922'/>
  </room>
  <room id='room-daec7bf3-c083-4016-866f-6f85d47741f0' level='level-177631e1-705d-450f-b517-8bebf10051fa' areaVisible='true' ceilingVisible='false'>
    <texture attribute='floorTexture' name='Stained brown tiles' creator='Scopia' catalogId='eTeksScopia#stained-brown-ceramic-floor-tiles' width='80.0' height='80.0' image='117'/>
    <point x='620.6444' y='856.079'/>
    <point x='620.6444' y='866.85565'/>
    <point x='616.92975' y='866.885'/>
    <point x='617.65753' y='959.23944'/>
    <point x='620.6444' y='959.2159'/>
    <point x='620.6444' y='967.1934'/>
    <point x='704.9778' y='967.1934'/>
    <point x='704.9778' y='1022.7492'/>
    <point x='991.69' y='1022.7492'/>
    <point x='991.69' y='895.5592'/>
    <point x='991.69' y='857.3692'/>
    <point x='731.69' y='857.3692'/>
    <point x='731.69' y='857.32666'/>
  </room>
  <room id='room-d6e4e160-e2a7-4a96-9ffa-99b99dfbe9c3' level='level-177631e1-705d-450f-b517-8bebf10051fa' areaVisible='true' ceilingVisible='false'>
    <texture attribute='floorTexture' name='Wooden floor' creator='Scopia' catalogId='eTeksScopia#english-parquet-dark' width='120.0' height='120.0' image='116'/>
    <point x='639.3219' y='563.53424'/>
    <point x='639.3219' y='567.3692'/>
    <point x='524.6333' y='567.36926'/>
    <point x='524.6333' y='839.37964'/>
    <point x='520.8085' y='839.37964'/>
    <point x='520.8085' y='920.4324'/>
    <point x='524.6333' y='920.4324'/>
    <point x='524.6333' y='967.1934'/>
    <point x='613.0244' y='967.1934'/>
    <point x='613.0244' y='959.1485'/>
    <point x='617.6978' y='959.1117'/>
    <point x='616.97205' y='867.01196'/>
    <point x='613.0244' y='867.04297'/>
    <point x='613.0244' y='852.2259'/>
    <point x='613.0244' y='729.0359'/>
    <point x='731.69' y='729.0359'/>
    <point x='731.69' y='681.05865'/>
    <point x='735.5251' y='681.05865'/>
    <point x='735.5251' y='578.2266'/>
    <point x='731.69' y='578.2266'/>
    <point x='731.69' y='567.3692'/>
    <point x='720.3718' y='567.3692'/>
    <point x='720.3718' y='563.53424'/>
  </room>
  <room id='room-2869aee8-b5c2-471d-a9fa-98e1edefafd6' level='level-177631e1-705d-450f-b517-8bebf10051fa' areaVisible='true'>
    <texture attribute='floorTexture' name='Wooden floor' creator='Scopia' catalogId='eTeksScopia#english-parquet-dark' width='120.0' height='120.0' image='116'/>
    <point x='297.31' y='927.36835'/>
    <point x='297.31' y='1225.7493'/>
    <point x='697.3578' y='1225.7493'/>
    <point x='697.3578' y='1026.5592'/>
    <point x='697.3578' y='974.8134'/>
    <point x='614.81616' y='974.8134'/>
    <point x='614.81616' y='970.9782'/>
    <point x='533.76636' y='970.9782'/>
    <point x='533.76636' y='974.8134'/>
    <point x='517.0333' y='974.8134'/>
    <point x='517.0333' y='927.36835'/>
  </room>
  <room id='room-34fc5c98-2cce-42fc-a245-4dfa4b1c5b4f' level='level-177631e1-705d-450f-b517-8bebf10051fa' areaVisible='true' ceilingVisible='false'>
    <texture attribute='floorTexture' name='Beige tiles' creator='eTeks' catalogId='eTeks#beigeTile' width='20.0' height='20.0' image='90'/>
    <point x='739.31' y='567.3692'/>
    <point x='739.31' y='578.2266'/>
    <point x='735.47504' y='578.2266'/>
    <point x='735.47504' y='681.05865'/>
    <point x='739.31' y='681.05865'/>
    <point x='739.31' y='732.8459'/>
    <point x='739.31' y='849.7492'/>
    <point x='830.3566' y='849.7492'/>
    <point x='830.3566' y='695.7492'/>
    <point x='857.29034' y='695.7492'/>
    <point x='857.29034' y='699.584'/>
    <point x='978.8653' y='699.584'/>
    <point x='978.8653' y='695.7492'/>
    <point x='998.7542' y='695.7492'/>
    <point x='998.7542' y='849.5592'/>
    <point x='999.31' y='849.5592'/>
    <point x='999.31' y='853.5592'/>
    <point x='999.31' y='891.7592'/>
    <point x='1094.3667' y='891.7592'/>
    <point x='1094.3667' y='682.39374'/>
    <point x='1098.1917' y='682.39374'/>
    <point x='1098.1917' y='579.55817'/>
    <point x='1094.3667' y='579.55817'/>
    <point x='1094.3667' y='567.3692'/>
  </room>
  <room id='room-da04a406-89b8-44d5-a6e4-e3e8641ec485' level='level-177631e1-705d-450f-b517-8bebf10051fa' areaVisible='true' floorColor='FF131313' ceilingColor='FF131313'>
    <point x='857.29047' y='699.53394'/>
    <point x='857.29047' y='703.3692'/>
    <point x='837.9766' y='703.3692'/>
    <point x='837.9766' y='849.7492'/>
    <point x='991.1342' y='849.7492'/>
    <point x='991.1342' y='703.3692'/>
    <point x='978.8652' y='703.3692'/>
    <point x='978.8652' y='699.53394'/>
  </room>
  <room id='room-e16fba71-cddf-416c-a6e4-be28c100efb2' level='level-177631e1-705d-450f-b517-8bebf10051fa' areaVisible='true' floorColor='FF131313' ceilingColor='FF6F6F6F'>
    <point x='731.69' y='736.6559'/>
    <point x='731.69' y='849.7062'/>
    <point x='620.6444' y='848.4585'/>
    <point x='620.6444' y='736.6559'/>
  </room>
  <room id='room-1714eecc-2241-4f94-ae7a-508b844525f6' level='level-177631e1-705d-450f-b517-8bebf10051fa' areaVisible='true' ceilingVisible='false'>
    <texture attribute='floorTexture' name='Red tiles' creator='eTeks' catalogId='eTeks#redTiles' width='40.0' height='40.0' image='118'/>
    <point x='1451.6958' y='5.3692193'/>
    <point x='1451.6958' y='197.74922'/>
    <point x='289.8333' y='197.74922'/>
    <point x='289.8333' y='201.55922'/>
    <point x='289.68997' y='201.55922'/>
    <point x='289.69' y='563.55927'/>
    <point x='289.69' y='923.55835'/>
    <point x='289.69' y='1225.7491'/>
    <point x='93.31' y='1225.7491'/>
    <point x='93.31' y='471.7492'/>
    <point x='3.31' y='471.7492'/>
    <point x='3.31' y='117.36922'/>
    <point x='93.31' y='117.36922'/>
    <point x='93.31' y='5.3692193'/>
  </room>
  <room id='room-37573c62-4d39-4c8e-9294-61a613612055' level='level-177631e1-705d-450f-b517-8bebf10051fa' areaVisible='true' ceilingVisible='false'>
    <texture attribute='floorTexture' name='Wooden floor' creator='Scopia' catalogId='eTeksScopia#english-parquet-dark' width='120.0' height='120.0' image='116'/>
    <point x='524.6433' y='205.36922'/>
    <point x='524.6433' y='471.15872'/>
    <point x='520.80853' y='471.15872'/>
    <point x='520.8085' y='552.2087'/>
    <point x='524.6433' y='552.2087'/>
    <point x='524.6433' y='559.74927'/>
    <point x='639.32196' y='559.7492'/>
    <point x='639.32196' y='563.5843'/>
    <point x='720.37177' y='563.5843'/>
    <point x='720.37177' y='559.7492'/>
    <point x='731.69' y='559.7492'/>
    <point x='1095.69' y='559.7492'/>
    <point x='1095.69' y='550.431'/>
    <point x='1099.5253' y='550.431'/>
    <point x='1099.5253' y='469.38123'/>
    <point x='1095.69' y='469.38123'/>
    <point x='1095.69' y='205.36922'/>
  </room>
  <room id='room-5b0e65e0-9dad-49bc-9783-cf31313f60ad' level='level-177631e1-705d-450f-b517-8bebf10051fa' areaVisible='true' ceilingVisible='false'>
    <texture attribute='floorTexture' name='Wooden floor' creator='Scopia' catalogId='eTeksScopia#english-parquet-dark' width='120.0' height='120.0' image='116'/>
    <point x='1103.31' y='205.36922'/>
    <point x='1103.31' y='469.38116'/>
    <point x='1099.4752' y='469.38116'/>
    <point x='1099.4752' y='550.4311'/>
    <point x='1103.31' y='550.4311'/>
    <point x='1103.31' y='559.7492'/>
    <point x='1452.5789' y='559.7492'/>
    <point x='1452.5789' y='205.36922'/>
  </room>
</home>